Numero iteracion,win_rate
1,0.54
2,0.54
3,0.33
4,0.74
5,0.78
6,0.73
7,0.949999
8,0.23
9,0.67
10,0.67
11,0.33
12,0.55
13,0.14
14,0.18
15,0.59
16,0.41
17,0.55
18,0.949999
19,0.59
20,0.32
21,0.909999
22,0.23
23,0.64
24,0.4
25,0.67
26,0.72
27,0.67
28,0.55
29,0.23
30,0.15
31,0.76
32,0.46
33,0.63
34,0.33
35,0.67
36,0.68
37,0.63
38,0.6
39,0.69
40,0.76
41,0.37
42,0.55
43,0.55
44,0.23
45,0.6
46,0.38
47,0.6
48,0.6
49,0.59
50,0.55
